Incident ID,# Killed,# Injured,Year
271363,0,4,2014
269679,1,3,2014
270036,0,4,2014
269167,1,3,2014
268598,1,3,2014
267792,1,3,2014
268282,1,3,2014
282186,4,2,2014
267721,0,5,2014
266570,2,2,2014
268910,1,4,2014
266424,1,8,2014
266407,4,0,2014
264901,0,4,2014
263556,7,0,2014
263376,1,4,2014
263382,0,5,2014
262202,0,4,2014
259935,0,4,2014
227011,1,5,2014
226983,0,5,2014
226388,0,4,2014
226534,0,5,2014
226150,1,3,2014
225903,3,2,2014
225830,0,4,2014
226018,2,3,2014
225036,0,6,2014
224362,0,4,2014
224131,1,4,2014
223651,4,1,2014
223799,4,1,2014
223729,1,3,2014
223582,0,6,2014
222792,1,3,2014
222393,0,4,2014
221554,1,4,2014
224746,0,6,2014
221347,4,0,2014
221577,1,3,2014
217831,0,5,2014
217401,0,4,2014
218054,0,4,2014
216533,0,4,2014
212884,0,5,2014
211348,4,0,2014
210363,5,1,2014
209134,0,4,2014
207145,1,3,2014
207687,0,4,2014
206303,1,3,2014
205726,3,2,2014
205298,0,4,2014
204310,3,1,2014
204477,1,3,2014
204236,0,5,2014
202981,0,4,2014
204254,4,0,2014
201630,3,1,2014
201052,1,5,2014
201648,2,2,2014
201502,0,4,2014
198051,1,7,2014
198527,0,4,2014
197416,0,4,2014
197384,0,15,2014
197287,0,5,2014
198064,1,4,2014
194945,0,4,2014
193960,2,2,2014
193570,0,4,2014
192851,8,0,2014
191416,0,5,2014
190874,3,1,2014
190599,0,6,2014
189562,1,7,2014
188332,0,4,2014
186488,0,5,2014
185393,0,5,2014
185430,0,6,2014
184507,0,5,2014
185196,2,3,2014
183432,0,5,2014
182974,3,1,2014
181947,1,3,2014
180018,1,3,2014
180580,1,3,2014
180007,3,4,2014
178425,0,5,2014
178006,0,4,2014
175911,0,4,2014
175943,0,4,2014
177770,1,3,2014
175839,0,4,2014
175779,1,3,2014
175788,0,6,2014
174560,1,3,2014
174544,0,4,2014
175767,0,4,2014
173369,1,3,2014
173628,2,3,2014
172304,2,5,2014
172205,0,6,2014
172288,0,6,2014
172180,0,7,2014
171802,1,8,2014
173786,0,4,2014
171778,0,4,2014
171823,1,3,2014
170704,3,1,2014
169326,0,5,2014
168844,5,0,2014
168551,0,7,2014
168786,0,5,2014
169024,0,5,2014
167872,3,1,2014
168169,0,7,2014
168307,1,5,2014
167649,1,3,2014
176329,3,4,2014
165856,1,4,2014
165089,0,5,2014
166970,1,3,2014
164513,5,0,2014
163930,0,8,2014
163874,1,6,2014
162687,0,4,2014
161302,0,6,2014
162008,0,4,2014
160998,1,3,2014
161063,1,3,2014
160488,0,4,2014
158387,1,4,2014
159291,0,4,2014
158306,0,5,2014
158589,0,5,2014
157857,3,2,2014
157580,1,3,2014
156670,6,1,2014
156468,0,5,2014
162305,0,4,2014
155943,1,4,2014
156125,2,2,2014
155412,0,4,2014
155755,0,4,2014
154803,0,6,2014
154834,0,7,2014
154971,1,4,2014
154721,0,7,2014
158055,0,5,2014
154844,0,5,2014
156834,0,5,2014
153275,1,3,2014
152468,1,9,2014
153648,0,4,2014
152693,1,5,2014
152960,0,7,2014
153578,0,4,2014
152722,1,3,2014
151659,0,5,2014
157018,2,2,2014
151475,0,5,2014
150299,2,7,2014
154136,1,3,2014
150344,0,5,2014
149954,0,4,2014
157013,0,4,2014
146565,0,4,2014
146586,0,4,2014
149706,3,1,2014
156245,0,6,2014
144565,1,4,2014
143723,1,5,2014
143979,1,3,2014
142822,1,3,2014
142818,1,4,2014
142076,0,7,2014
141382,1,5,2014
141792,0,4,2014
153532,1,3,2014
139281,1,3,2014
138567,0,4,2014
138645,3,1,2014
140185,1,7,2014
138282,4,8,2014
138370,2,2,2014
142123,1,3,2014
135904,0,7,2014
136567,1,3,2014
136163,0,5,2014
134823,0,5,2014
134591,0,4,2014
134238,0,7,2014
156823,1,6,2014
134044,1,3,2014
134052,2,3,2014
131697,1,3,2014
132897,0,4,2014
131998,4,4,2014
130933,0,4,2014
130232,1,6,2014
129730,0,5,2014
128871,2,3,2014
173109,1,3,2014
127045,0,6,2014
127381,2,2,2014
127413,0,5,2014
156828,0,4,2014
125028,1,3,2014
124146,0,4,2014
124131,0,5,2014
123891,3,1,2014
123008,0,4,2014
123666,0,4,2014
125863,0,4,2014
122136,1,5,2014
122612,1,3,2014
122672,0,4,2014
121031,4,16,2014
120303,0,5,2014
120621,0,5,2014
117818,1,3,2014
117914,0,7,2014
172722,1,3,2014
117642,0,4,2014
117591,3,1,2014
125855,0,4,2014
115012,0,4,2014
113156,3,1,2014
113247,0,6,2014
113255,1,3,2014
113214,0,6,2014
112415,3,1,2014
111095,1,4,2014
111109,0,4,2014
109957,4,1,2014
109142,0,4,2014
108691,4,0,2014
108649,4,2,2014
107417,1,6,2014
107519,1,7,2014
107673,0,5,2014
108659,1,4,2014
107433,1,4,2014
107403,0,5,2014
106394,0,5,2014
106243,1,3,2014
106481,1,3,2014
104721,0,5,2014
105010,0,4,2014
104218,1,3,2014
103698,3,2,2014
101301,0,4,2014
113665,1,4,2014
100434,1,4,2014
100568,0,4,2014
98836,2,3,2014
104902,0,4,2014
97407,2,4,2014
97365,5,0,2014
96792,0,4,2014
96185,0,4,2014
95579,0,5,2014
95500,0,6,2014
95550,0,5,2014
95146,0,4,2014
94514,1,3,2014
92704,1,3,2014
92194,2,2,2014
476321,0,6,2015
473882,0,4,2015
472268,0,4,2015
471867,0,4,2015
471860,0,4,2015
469468,0,4,2015
468968,1,4,2015
469614,0,4,2015
468787,1,4,2015
464665,1,3,2015
464945,0,4,2015
465117,1,3,2015
464002,0,4,2015
463642,1,3,2015
463734,0,4,2015
461476,1,3,2015
460049,1,3,2015
460386,2,3,2015
456893,16,19,2015
457037,1,3,2015
455394,0,5,2015
454059,3,9,2015
455684,2,2,2015
454788,0,4,2015
452007,4,1,2015
452120,0,5,2015
453317,0,4,2015
451338,0,4,2015
451305,0,5,2015
452362,1,3,2015
451349,0,4,2015
451495,0,17,2015
451057,1,3,2015
450505,1,3,2015
449814,0,5,2015
448653,3,1,2015
448419,5,0,2015
448286,0,4,2015
447462,0,4,2015
446996,4,1,2015
444458,2,2,2015
443821,1,3,2015
444168,0,4,2015
443652,1,3,2015
444406,0,4,2015
441681,2,3,2015
440743,4,0,2015
438651,1,3,2015
437836,0,5,2015
437323,0,5,2015
436234,1,4,2015
436240,0,5,2015
436202,0,5,2015
436219,0,4,2015
435144,1,3,2015
433146,0,6,2015
432711,0,4,2015
432072,0,4,2015
432466,1,4,2015
429410,0,4,2015
428215,0,6,2015
428247,0,4,2015
429614,1,3,2015
427621,1,3,2015
426256,0,5,2015
424224,1,4,2015
423223,10,9,2015
421650,0,5,2015
422064,3,2,2015
422035,2,3,2015
422020,0,4,2015
421014,0,10,2015
421358,0,4,2015
420855,0,4,2015
426559,0,4,2015
419718,0,5,2015
418964,0,4,2015
419250,0,5,2015
419826,1,3,2015
417013,0,6,2015
417284,1,3,2015
416872,1,5,2015
416812,1,3,2015
418318,6,0,2015
415687,0,4,2015
414580,0,4,2015
413001,1,5,2015
412996,0,4,2015
412487,2,4,2015
412529,0,6,2015
412539,1,3,2015
412557,0,5,2015
412040,5,0,2015
411888,0,4,2015
409856,0,4,2015
409732,2,4,2015
409601,0,4,2015
408449,1,3,2015
408276,0,4,2015
409101,1,3,2015
408256,0,4,2015
404167,1,4,2015
404238,3,2,2015
405133,1,3,2015
403069,1,3,2015
403669,2,2,2015
401884,0,4,2015
402113,2,2,2015
402051,2,2,2015
402108,1,3,2015
400091,1,7,2015
399883,0,4,2015
399564,3,1,2015
399212,0,8,2015
399367,2,5,2015
398975,2,2,2015
398361,3,4,2015
395844,0,6,2015
395757,0,4,2015
395718,0,5,2015
395837,1,3,2015
395694,0,4,2015
395549,1,3,2015
392131,0,4,2015
391263,1,3,2015
391219,1,3,2015
391014,0,4,2015
390914,2,3,2015
390774,1,11,2015
390526,8,0,2015
390050,4,0,2015
389057,0,4,2015
389149,1,4,2015
387194,0,5,2015
385779,0,9,2015
386140,0,7,2015
385824,1,4,2015
386066,0,5,2015
401742,0,4,2015
386937,0,4,2015
384662,0,4,2015
382459,0,5,2015
381814,2,3,2015
382170,0,4,2015
381433,0,4,2015
382413,2,5,2015
380162,3,9,2015
382230,0,6,2015
379166,5,0,2015
378452,1,3,2015
377878,0,6,2015
377189,0,4,2015
377047,0,6,2015
377181,0,4,2015
378102,0,4,2015
390936,0,5,2015
376702,1,4,2015
377423,2,2,2015
376211,0,5,2015
376203,0,4,2015
376823,1,3,2015
375773,0,5,2015
375022,6,2,2015
374602,0,5,2015
375322,1,3,2015
375412,0,7,2015
374965,0,4,2015
374630,4,1,2015
374292,0,4,2015
373993,0,4,2015
373768,1,4,2015
373095,2,3,2015
373063,0,4,2015
370187,1,3,2015
370474,3,1,2015
369014,0,6,2015
368732,0,9,2015
369196,1,3,2015
369410,0,4,2015
368987,1,4,2015
368867,1,3,2015
368995,0,4,2015
369127,0,4,2015
367780,1,3,2015
366046,0,4,2015
367099,0,6,2015
365391,0,5,2015
365399,0,6,2015
364872,1,3,2015
364789,0,4,2015
363418,0,4,2015
361948,0,7,2015
366949,0,4,2015
361708,1,4,2015
361198,0,10,2015
360895,0,4,2015
361212,1,11,2015
361014,0,4,2015
359830,9,0,2015
359215,0,4,2015
358117,0,4,2015
357597,1,3,2015
357667,0,4,2015
357611,0,4,2015
357732,1,4,2015
357590,0,4,2015
357770,1,3,2015
357701,0,5,2015
357164,4,1,2015
357220,0,4,2015
356065,1,8,2015
355883,1,3,2015
355644,1,3,2015
355267,1,3,2015
353854,5,0,2015
353536,1,4,2015
353037,0,5,2015
353382,0,5,2015
352779,1,3,2015
351936,3,1,2015
350182,3,2,2015
350163,3,1,2015
350021,1,3,2015
349976,0,5,2015
349289,0,4,2015
348606,0,4,2015
348620,0,5,2015
348673,1,3,2015
346725,2,2,2015
346097,1,4,2015
345681,0,5,2015
345749,0,7,2015
346320,1,3,2015
346179,0,4,2015
346202,2,2,2015
344302,1,3,2015
343106,0,4,2015
342589,1,4,2015
341622,9,18,2015
341465,0,5,2015
341162,0,4,2015
341232,0,5,2015
339229,5,0,2015
340280,1,4,2015
337855,1,4,2015
338034,0,4,2015
337767,1,3,2015
335903,0,4,2015
336622,0,4,2015
334681,1,3,2015
334033,0,4,2015
333584,0,6,2015
334047,0,4,2015
333576,1,6,2015
333750,4,1,2015
332732,2,3,2015
330611,2,4,2015
330750,2,2,2015
329463,0,4,2015
329322,1,6,2015
326792,2,3,2015
325862,0,4,2015
327341,0,5,2015
325445,0,5,2015
325166,1,3,2015
325207,0,4,2015
325618,1,3,2015
324424,5,0,2015
319808,1,3,2015
318125,1,3,2015
318221,1,4,2015
318297,0,5,2015
318531,0,4,2015
317165,0,4,2015
316795,0,5,2015
314044,0,7,2015
313304,0,4,2015
312119,4,0,2015
311922,1,4,2015
311348,1,6,2015
310573,0,4,2015
310356,0,4,2015
468151,1,5,2015
308839,1,3,2015
308728,1,5,2015
308687,3,4,2015
307512,0,4,2015
306897,0,5,2015
308201,0,4,2015
305907,2,3,2015
304238,0,5,2015
303659,1,3,2015
302786,1,3,2015
491864,0,4,2015
300860,3,4,2015
300660,0,4,2015
299344,1,5,2015
299190,1,3,2015
298122,8,1,2015
297681,3,1,2015
588835,0,4,2015
296215,4,1,2015
296327,0,4,2015
296121,3,2,2015
295871,0,4,2015
295502,1,3,2015
293883,0,5,2015
290626,3,1,2015
290510,0,6,2015
289811,5,2,2015
290098,1,4,2015
289146,3,3,2015
287529,0,6,2015
287031,1,4,2015
286810,4,0,2015
285549,1,3,2015
285123,1,3,2015
282956,4,1,2015
283041,3,5,2015
283115,0,6,2015
281663,1,3,2015
281039,2,5,2015
278927,2,2,2015
298773,0,5,2015
276845,2,5,2015
277480,1,3,2015
276766,0,5,2015
276536,2,2,2015
276459,4,0,2015
275986,1,3,2015
275064,1,3,2015
274867,1,3,2015
273535,2,4,2015
273397,3,1,2015
273965,1,4,2015
272016,0,5,2015
740447,2,2,2016
738749,1,3,2016
738041,0,5,2016
738576,2,3,2016
736690,1,4,2016
734157,3,4,2016
735947,0,4,2016
733599,1,5,2016
732927,0,7,2016
733176,4,0,2016
732263,1,3,2016
732574,0,4,2016
727759,5,0,2016
728286,0,4,2016
727555,0,4,2016
727544,2,2,2016
724667,1,3,2016
723649,0,4,2016
723643,1,4,2016
723292,0,5,2016
725338,0,4,2016
725323,4,0,2016
722452,0,4,2016
719128,4,1,2016
717873,0,6,2016
717616,0,6,2016
716001,1,3,2016
715101,2,4,2016
712796,1,3,2016
712776,0,4,2016
713445,0,4,2016
711597,1,9,2016
711744,0,7,2016
710732,1,5,2016
710467,0,4,2016
709370,2,4,2016
709276,1,3,2016
708777,0,4,2016
708392,1,4,2016
704568,0,4,2016
703245,1,7,2016
699605,3,2,2016
699332,0,4,2016
700232,3,2,2016
699316,0,4,2016
699033,1,5,2016
700363,1,3,2016
699303,0,5,2016
699863,0,4,2016
698383,1,3,2016
696917,0,5,2016
697377,1,3,2016
696352,0,4,2016
693438,0,4,2016
693401,0,5,2016
693624,1,3,2016
693374,0,8,2016
693290,0,5,2016
693307,0,4,2016
692020,2,2,2016
692315,2,2,2016
692025,1,4,2016
691113,1,5,2016
689518,0,4,2016
688979,0,4,2016
689020,3,3,2016
688841,0,4,2016
688577,2,5,2016
688592,0,5,2016
689009,0,5,2016
687940,1,3,2016
688210,0,4,2016
688429,0,6,2016
687375,0,4,2016
686312,4,0,2016
685379,1,3,2016
684130,2,3,2016
683142,1,5,2016
682298,0,7,2016
679290,0,4,2016
678438,1,4,2016
677293,0,5,2016
676686,1,5,2016
676663,4,11,2016
676376,1,6,2016
675993,0,4,2016
672203,1,8,2016
672217,1,3,2016
671717,0,4,2016
669777,3,2,2016
668407,0,4,2016
667984,1,4,2016
668279,4,0,2016
668352,0,4,2016
665995,1,3,2016
663624,0,4,2016
663789,0,4,2016
663106,1,6,2016
662548,1,3,2016
662342,0,8,2016
661703,5,0,2016
657854,0,4,2016
658226,0,4,2016
657863,1,3,2016
657634,2,7,2016
659289,0,6,2016
657136,1,6,2016
657151,2,2,2016
656991,2,2,2016
657023,2,5,2016
655512,1,3,2016
654087,3,2,2016
653077,1,5,2016
652584,0,6,2016
652561,0,5,2016
652606,0,5,2016
652642,3,1,2016
652759,1,3,2016
652175,1,3,2016
651957,4,0,2016
651434,1,4,2016
648884,2,3,2016
648490,0,4,2016
647865,1,10,2016
646995,1,3,2016
646855,0,4,2016
644723,0,4,2016
643824,0,4,2016
641732,1,5,2016
641419,0,6,2016
640677,0,4,2016
640689,2,2,2016
640861,0,5,2016
640500,1,6,2016
640203,2,4,2016
640901,0,5,2016
634889,0,4,2016
634787,0,13,2016
634238,0,4,2016
634731,0,5,2016
634819,5,0,2016
632747,0,4,2016
632753,0,4,2016
630007,0,4,2016
629415,0,5,2016
629663,0,4,2016
628570,2,2,2016
628623,0,4,2016
628635,0,4,2016
628178,1,3,2016
627519,1,3,2016
627757,0,4,2016
626153,0,4,2016
626960,1,3,2016
624273,0,7,2016
625735,2,2,2016
624156,1,3,2016
623523,2,2,2016
624046,1,3,2016
623439,0,4,2016
623195,5,0,2016
624057,1,3,2016
622500,2,2,2016
621232,0,4,2016
620247,1,3,2016
619708,0,4,2016
619408,0,4,2016
617789,3,1,2016
617607,1,4,2016
617712,0,5,2016
616948,3,1,2016
618321,0,5,2016
617334,0,7,2016
615109,0,5,2016
615328,0,4,2016
615024,2,2,2016
611479,2,19,2016
610584,1,7,2016
610756,0,4,2016
610093,2,2,2016
613805,0,4,2016
610379,4,1,2016
610402,0,5,2016
609402,0,5,2016
608787,0,4,2016
607265,0,4,2016
605475,1,3,2016
605367,0,4,2016
604762,4,3,2016
604459,0,5,2016
604275,0,5,2016
604233,1,14,2016
605005,0,4,2016
604175,0,6,2016
604207,3,1,2016
603475,3,1,2016
603733,0,4,2016
603738,1,3,2016
602810,0,5,2016
602765,2,2,2016
600798,0,5,2016
601119,0,4,2016
600398,3,2,2016
601512,0,4,2016
597366,0,4,2016
597756,5,9,2016
597176,1,4,2016
595557,0,4,2016
595166,0,7,2016
595069,3,2,2016
595048,0,4,2016
595279,0,4,2016
596159,0,4,2016
595482,2,6,2016
594051,2,3,2016
594480,0,4,2016
592724,1,4,2016
592207,5,0,2016
591975,1,3,2016
591294,0,4,2016
589488,3,1,2016
590233,0,4,2016
589159,0,5,2016
588867,1,4,2016
589165,1,3,2016
588918,0,4,2016
587755,2,5,2016
589470,0,4,2016
587983,0,4,2016
589046,0,4,2016
587735,0,5,2016
587769,3,2,2016
586122,1,3,2016
585821,3,1,2016
586058,0,4,2016
586044,0,4,2016
585615,2,2,2016
583631,0,4,2016
583584,1,3,2016
583537,2,2,2016
583362,0,4,2016
580791,1,3,2016
580848,0,4,2016
579517,0,4,2016
579786,0,5,2016
580279,0,5,2016
577157,50,53,2016
577574,5,0,2016
578238,0,4,2016
576774,1,3,2016
577938,1,3,2016
577073,3,2,2016
575607,0,4,2016
574850,0,4,2016
574753,1,3,2016
573327,0,4,2016
572766,2,4,2016
575061,0,4,2016
572696,3,3,2016
572513,0,4,2016
571859,3,1,2016
569225,0,4,2016
569189,0,4,2016
568528,0,5,2016
568745,0,5,2016
567788,0,4,2016
567673,0,6,2016
567494,0,4,2016
567614,2,6,2016
564470,0,5,2016
563829,0,4,2016
563514,1,3,2016
563751,0,4,2016
563630,1,3,2016
561912,0,4,2016
560782,3,1,2016
565244,5,0,2016
559194,0,4,2016
559042,0,5,2016
558796,1,3,2016
557589,1,4,2016
557479,0,5,2016
555126,1,3,2016
555873,1,4,2016
555886,1,3,2016
554133,3,3,2016
553803,2,6,2016
554027,1,3,2016
553570,1,7,2016
551053,0,5,2016
550445,0,4,2016
550619,0,5,2016
549507,2,2,2016
549071,3,1,2016
548333,1,4,2016
547639,0,4,2016
547827,0,5,2016
546760,0,5,2016
547319,2,3,2016
546818,0,4,2016
546581,1,3,2016
546244,3,1,2016
546258,0,4,2016
546550,1,4,2016
545525,8,0,2016
546022,6,0,2016
545501,0,4,2016
543441,1,4,2016
544080,1,3,2016
543132,1,4,2016
543244,1,3,2016
541996,3,1,2016
543102,1,3,2016
543108,1,6,2016
542259,1,4,2016
541987,2,4,2016
542362,0,4,2016
537825,1,3,2016
537820,0,4,2016
537311,0,4,2016
539705,0,4,2016
537085,0,4,2016
535927,0,4,2016
532604,0,4,2016
528614,0,4,2016
529488,0,4,2016
526380,0,4,2016
525464,1,4,2016
525301,2,2,2016
523044,0,5,2016
522122,0,4,2016
521821,0,4,2016
521074,0,4,2016
520767,2,2,2016
520290,0,5,2016
519541,6,2,2016
518266,2,3,2016
517895,0,4,2016
518436,5,0,2016
517058,1,6,2016
517114,0,4,2016
517073,1,8,2016
516758,0,4,2016
516341,1,3,2016
513549,0,5,2016
513640,1,3,2016
512880,2,2,2016
512073,5,0,2016
511436,4,14,2016
509897,5,0,2016
510769,0,4,2016
509707,0,5,2016
508879,1,3,2016
508341,1,3,2016
508640,6,2,2016
508356,1,3,2016
508510,0,4,2016
508113,2,3,2016
590221,4,0,2016
507998,1,3,2016
504879,1,3,2016
505420,0,5,2016
504996,0,4,2016
501256,2,4,2016
501233,2,10,2016
501168,1,7,2016
501349,0,4,2016
501267,1,3,2016
500629,0,4,2016
500556,2,6,2016
499422,0,4,2016
495940,3,5,2016
494378,6,0,2016
493536,2,3,2016
493085,1,4,2016
491312,2,2,2016
486728,1,3,2016
483750,1,4,2016
481849,0,4,2016
481900,1,4,2016
481429,1,3,2016
479613,3,1,2016
1017372,2,6,2017
1017422,0,4,2017
1018118,4,0,2017
1015666,2,2,2017
1015336,0,5,2017
1013983,0,5,2017
1014052,1,4,2017
1014971,1,3,2017
1013377,0,4,2017
1011953,1,3,2017
1012704,0,4,2017
1009629,0,4,2017
1008310,0,5,2017
1007054,1,3,2017
1006150,0,4,2017
1006446,0,4,2017
1004454,0,4,2017
1002514,0,4,2017
1001566,2,2,2017
1000479,1,3,2017
999969,0,4,2017
998843,1,4,2017
994323,1,6,2017
995015,1,5,2017
991017,0,4,2017
990974,0,4,2017
989838,0,7,2017
988824,2,2,2017
987611,6,12,2017
986236,0,7,2017
987134,0,5,2017
986816,2,2,2017
985582,1,3,2017
985832,1,5,2017
986092,1,5,2017
984822,0,4,2017
984455,0,4,2017
980577,27,20,2017
980269,0,4,2017
980192,0,4,2017
980060,1,3,2017
979651,0,4,2017
980258,0,4,2017
980004,0,4,2017
980401,1,4,2017
975600,1,3,2017
975817,0,4,2017
974704,1,3,2017
974051,0,6,2017
974411,0,4,2017
966895,2,3,2017
966153,0,4,2017
966178,2,7,2017
965066,0,4,2017
965077,0,4,2017
965756,0,4,2017
965251,0,4,2017
962359,3,3,2017
962155,0,4,2017
962623,1,3,2017
960036,2,2,2017
959126,1,3,2017
957980,2,2,2017
957562,4,0,2017
956942,0,4,2017
955268,0,5,2017
954428,0,4,2017
953156,0,5,2017
952720,4,0,2017
952220,0,4,2017
945990,3,2,2017
946496,59,441,2017
946138,1,3,2017
944448,1,3,2017
942628,1,3,2017
942522,0,4,2017
942830,2,2,2017
941144,0,4,2017
940554,1,8,2017
940644,0,4,2017
941257,1,3,2017
939834,1,4,2017
940068,0,5,2017
940142,2,2,2017
939482,0,5,2017
936028,1,3,2017
935928,1,4,2017
934036,0,8,2017
932526,1,5,2017
932181,1,3,2017
932906,0,4,2017
932619,0,4,2017
930569,9,1,2017
930266,1,3,2017
931139,0,4,2017
928380,0,4,2017
927277,0,4,2017
926766,2,3,2017
925809,0,4,2017
925436,1,3,2017
922184,2,4,2017
921733,1,4,2017
921653,1,3,2017
921289,0,4,2017
920513,4,0,2017
918204,0,4,2017
917793,0,4,2017
917820,4,0,2017
918061,1,3,2017
917713,1,3,2017
917838,0,4,2017
916808,0,4,2017
916848,2,5,2017
916551,1,4,2017
914819,0,4,2017
913924,2,2,2017
912805,0,5,2017
912322,0,4,2017
912375,0,4,2017
912093,1,3,2017
909423,1,6,2017
907555,0,6,2017
907546,0,4,2017
907857,0,7,2017
907247,0,4,2017
907611,1,3,2017
906568,1,3,2017
906509,3,2,2017
906126,1,3,2017
904329,0,4,2017
903853,0,4,2017
904106,0,6,2017
904026,0,7,2017
903090,0,4,2017
902187,1,3,2017
901549,1,5,2017
901083,1,4,2017
901000,2,3,2017
900963,0,4,2017
900387,1,4,2017
898631,1,6,2017
898448,1,3,2017
896444,1,3,2017
896889,0,4,2017
896149,0,5,2017
893690,0,5,2017
894504,1,3,2017
893726,0,4,2017
893712,1,3,2017
893752,0,4,2017
891291,1,3,2017
891092,0,4,2017
886564,0,7,2017
886002,0,4,2017
886220,1,8,2017
884764,0,4,2017
883052,0,4,2017
883282,2,2,2017
883058,4,1,2017
882665,0,4,2017
882321,1,4,2017
883489,1,3,2017
882422,3,1,2017
881921,1,3,2017
881700,0,4,2017
880738,0,4,2017
879953,0,25,2017
883656,0,4,2017
880808,2,2,2017
880813,0,4,2017
879412,2,6,2017
877295,0,5,2017
876010,0,4,2017
875886,1,3,2017
874613,1,4,2017
875322,0,5,2017
876076,0,4,2017
873847,1,6,2017
870095,3,2,2017
870222,0,4,2017
869877,0,4,2017
869968,0,7,2017
869838,0,4,2017
869357,1,4,2017
868042,1,3,2017
868363,5,0,2017
866739,1,5,2017
868147,0,4,2017
866933,4,2,2017
866412,0,4,2017
866448,2,2,2017
869474,0,4,2017
864743,0,9,2017
864852,0,4,2017
865371,0,4,2017
865186,0,4,2017
864370,2,5,2017
863075,0,6,2017
861307,3,2,2017
859875,6,0,2017
858810,2,2,2017
858719,3,2,2017
858877,1,3,2017
858378,2,3,2017
857443,3,1,2017
855764,1,3,2017
855113,1,3,2017
853901,0,12,2017
853796,1,5,2017
853920,0,5,2017
853032,0,4,2017
853119,1,7,2017
853756,8,1,2017
852676,0,4,2017
848680,1,3,2017
849215,0,4,2017
848292,0,10,2017
845364,3,1,2017
843078,1,6,2017
843045,0,5,2017
843172,0,5,2017
843590,0,4,2017
840339,1,3,2017
839846,3,1,2017
838272,2,8,2017
835961,1,3,2017
834832,1,3,2017
833152,2,3,2017
832679,2,6,2017
832528,4,1,2017
833128,0,5,2017
832309,1,5,2017
835459,1,3,2017
832290,0,5,2017
831800,1,5,2017
831667,1,3,2017
834788,0,4,2017
832063,0,4,2017
831201,0,4,2017
830984,1,3,2017
829073,0,4,2017
825694,2,2,2017
825111,0,4,2017
821667,0,4,2017
821723,0,4,2017
821371,0,9,2017
821640,0,4,2017
821055,0,4,2017
820565,0,4,2017
821400,0,6,2017
821651,0,4,2017
822750,0,4,2017
818932,1,3,2017
815227,1,3,2017
815246,1,3,2017
813877,3,1,2017
813821,5,0,2017
813943,4,1,2017
814094,1,5,2017
813028,1,3,2017
810756,3,1,2017
811089,0,7,2017
809978,2,4,2017
809683,0,5,2017
809815,0,5,2017
809048,1,4,2017
809499,2,3,2017
807618,4,0,2017
804115,2,4,2017
803689,2,2,2017
803822,2,4,2017
803054,2,15,2017
802926,1,4,2017
803460,1,3,2017
802837,2,2,2017
802425,1,4,2017
802240,1,6,2017
800363,5,0,2017
797553,1,5,2017
797125,3,2,2017
794468,3,1,2017
791298,2,2,2017
791274,3,1,2017
789798,0,4,2017
789424,0,4,2017
787875,1,4,2017
787801,0,4,2017
786876,0,4,2017
787435,0,5,2017
785262,0,6,2017
783963,0,4,2017
783623,1,4,2017
783102,2,3,2017
783090,1,4,2017
780792,0,4,2017
780036,0,4,2017
779582,4,0,2017
778941,0,5,2017
778182,1,3,2017
777876,0,4,2017
777410,1,3,2017
775903,0,4,2017
775531,3,2,2017
773002,1,6,2017
773162,1,3,2017
773908,0,5,2017
772753,1,3,2017
772989,0,4,2017
772067,1,5,2017
771826,4,0,2017
769889,1,4,2017
769511,0,4,2017
769859,1,4,2017
768243,4,0,2017
765559,0,4,2017
765153,0,4,2017
764020,0,4,2017
763313,1,4,2017
1025158,4,0,2017
761973,0,10,2017
760482,2,3,2017
760259,0,6,2017
757158,3,2,2017
757032,0,4,2017
757001,3,1,2017
756801,0,6,2017
756526,0,5,2017
756504,2,2,2017
757955,1,4,2017
756015,0,4,2017
752756,0,4,2017
752222,0,8,2017
752249,3,1,2017
751367,1,4,2017
749361,3,2,2017
749769,2,2,2017
748152,1,3,2017
748348,1,3,2017
745236,1,3,2017
744799,2,2,2017
743995,5,6,2017
742542,3,1,2017
742001,0,4,2017
743282,0,5,2017
739451,1,3,2017
739766,0,7,2017
1289686,3,2,2018
1288376,1,3,2018
1287286,4,1,2018
1284586,2,2,2018
1283229,1,6,2018
1282704,0,4,2018
1279617,0,5,2018
1277327,0,5,2018
1277411,1,3,2018
1276091,0,4,2018
1276298,1,3,2018
1272855,0,4,2018
1273161,0,5,2018
1272106,0,5,2018
1267682,0,5,2018
1266937,0,4,2018
1262814,2,2,2018
1263332,0,4,2018
1263086,1,3,2018
1262013,2,5,2018
1261351,3,2,2018
1260525,0,4,2018
1258777,1,4,2018
1258804,4,0,2018
1258009,1,4,2018
1257508,3,1,2018
1256435,3,1,2018
1254225,4,1,2018
1254084,3,1,2018
1253361,3,1,2018
1249561,13,2,2018
1246727,0,5,2018
1247019,0,4,2018
1246489,3,4,2018
1245703,0,5,2018
1245274,3,2,2018
1244754,1,3,2018
1246059,2,3,2018
1244424,0,5,2018
1243331,0,7,2018
1243010,2,2,2018
1242807,0,5,2018
1241819,11,7,2018
1242443,1,3,2018
1240751,0,5,2018
1238603,0,6,2018
1237930,1,5,2018
1238052,1,3,2018
1234087,0,4,2018
1233663,5,0,2018
1232554,0,4,2018
1233563,3,1,2018
1233068,2,2,2018
1232288,4,1,2018
1232018,0,4,2018
1232044,0,6,2018
1231385,0,4,2018
1229738,0,4,2018
1226923,0,4,2018
1226853,1,3,2018
1226384,0,6,2018
1225631,0,4,2018
1226179,1,3,2018
1223865,2,6,2018
1223755,1,4,2018
1221758,2,2,2018
1221794,1,3,2018
1220912,1,4,2018
1220331,2,2,2018
1217150,3,2,2018
1215987,1,4,2018
1215954,0,4,2018
1215904,0,4,2018
1215739,0,4,2018
1213926,4,3,2018
1214298,0,5,2018
1213223,1,4,2018
1213293,1,4,2018
1213836,0,4,2018
1212984,0,4,2018
1212567,0,4,2018
1211659,4,1,2018
1210742,0,4,2018
1209006,6,0,2018
1208397,0,4,2018
1206828,0,5,2018
1206409,1,3,2018
1206375,1,4,2018
1206476,0,4,2018
1206050,1,3,2018
1204538,4,2,2018
1204486,0,4,2018
1202134,0,4,2018
1202274,2,2,2018
1202318,0,7,2018
1201885,0,4,2018
1202332,0,8,2018
1202437,0,4,2018
1201973,1,3,2018
1201135,1,7,2018
1200904,2,3,2018
1197278,1,3,2018
1196028,3,9,2018
1196543,1,4,2018
1195537,0,5,2018
1196051,1,4,2018
1194315,0,4,2018
1194598,0,4,2018
1194057,0,4,2018
1192788,0,4,2018
1191368,1,4,2018
1192036,1,3,2018
1191279,0,5,2018
1190035,0,4,2018
1189717,0,7,2018
1188597,0,5,2018
1186888,0,5,2018
1185520,4,1,2018
1185622,0,4,2018
1186061,1,4,2018
1184607,1,3,2018
1185040,0,4,2018
1184992,0,4,2018
1184206,0,4,2018
1182893,0,4,2018
1182717,2,4,2018
1179935,1,4,2018
1179619,1,5,2018
1179607,0,8,2018
1179677,0,4,2018
1179644,0,4,2018
1179810,0,6,2018
1180161,0,6,2018
1179805,1,3,2018
1179589,0,4,2018
1176169,2,3,2018
1177024,0,4,2018
1175571,0,4,2018
1174423,0,4,2018
1174960,1,4,2018
1174990,0,4,2018
1174190,3,7,2018
1174527,2,4,2018
1173476,5,0,2018
1173637,0,4,2018
1172224,1,6,2018
1173069,2,2,2018
1172403,0,6,2018
1172333,0,4,2018
1170482,0,5,2018
1168828,0,4,2018
1169103,2,5,2018
1169656,1,4,2018
1167806,0,4,2018
1166302,0,4,2018
1165214,2,4,2018
1165183,1,4,2018
1165299,1,4,2018
1164167,0,4,2018
1164110,0,5,2018
1163947,0,4,2018
1162785,1,3,2018
1162687,0,5,2018
1162437,0,4,2018
1161230,0,4,2018
1159820,1,4,2018
1160253,5,0,2018
1160418,0,6,2018
1159528,0,4,2018
1158826,3,2,2018
1156480,0,4,2018
1157073,0,4,2018
1156528,3,3,2018
1156638,0,6,2018
1157733,1,5,2018
1155906,1,3,2018
1155567,1,5,2018
1154998,0,4,2018
1154558,2,2,2018
1153997,0,6,2018
1153531,0,6,2018
1153134,1,6,2018
1153471,0,5,2018
1151584,5,0,2018
1151355,1,3,2018
1151527,0,4,2018
1151373,0,4,2018
1149910,0,6,2018
1148468,1,6,2018
1148678,0,4,2018
1148647,0,4,2018
1149173,1,3,2018
1149463,1,3,2018
1148596,0,5,2018
1148042,0,4,2018
1147720,1,4,2018
1161366,0,4,2018
1147323,1,3,2018
1146968,1,3,2018
1146760,0,4,2018
1146547,0,4,2018
1145709,0,5,2018
1145881,0,4,2018
1144852,3,1,2018
1143558,2,3,2018
1143135,0,4,2018
1142789,1,19,2018
1143081,1,3,2018
1143524,0,4,2018
1141645,0,5,2018
1141745,1,4,2018
1141943,1,4,2018
1141108,1,3,2018
1142145,0,4,2018
1139320,0,4,2018
1139176,0,4,2018
1138324,6,0,2018
1137435,0,6,2018
1137586,1,4,2018
1137547,0,7,2018
1137600,1,5,2018
1137473,1,5,2018
1137848,2,2,2018
1137737,0,4,2018
1136928,0,4,2018
1137402,1,4,2018
1134378,3,1,2018
1132408,0,5,2018
1131909,1,3,2018
1131855,1,6,2018
1132050,0,5,2018
1129432,3,2,2018
1126712,0,4,2018
1126434,1,3,2018
1124777,0,4,2018
1122728,0,4,2018
1121111,1,7,2018
1118785,10,13,2018
1116705,5,1,2018
1115110,0,4,2018
1114725,2,2,2018
1115051,3,2,2018
1114402,0,4,2018
1114276,0,6,2018
1113538,0,4,2018
1113737,0,4,2018
1112948,1,4,2018
1111950,0,4,2018
1111649,0,4,2018
1110399,0,5,2018
1108856,0,4,2018
1109322,2,4,2018
1108879,0,5,2018
1110773,0,4,2018
1109928,0,4,2018
1106451,1,4,2018
1106557,0,5,2018
1106432,1,4,2018
1105061,0,5,2018
1103454,0,4,2018
1103465,0,4,2018
1103423,0,4,2018
1102808,2,2,2018
1103045,1,3,2018
1102900,1,3,2018
1102559,0,5,2018
1100691,0,4,2018
1100852,3,1,2018
1099516,0,4,2018
1096826,4,3,2018
1097700,2,4,2018
1096232,2,2,2018
1096388,1,5,2018
1095043,4,3,2018
1092279,0,6,2018
1088778,0,4,2018
1087153,1,3,2018
1087021,2,2,2018
1086773,0,4,2018
1086966,1,3,2018
1084847,2,2,2018
1083552,1,3,2018
1083011,1,4,2018
1082835,0,5,2018
1082273,0,5,2018
1080234,1,3,2018
1080442,0,4,2018
1077180,0,4,2018
1074886,1,5,2018
1071427,0,7,2018
1071381,0,4,2018
1078612,0,4,2018
1068615,0,4,2018
1067061,0,6,2018
1067264,1,3,2018
1067296,1,4,2018
1066594,3,1,2018
1064514,2,2,2018
1062466,1,4,2018
1061748,1,3,2018
1062123,0,4,2018
1059559,0,4,2018
1057518,5,0,2018
1056240,1,3,2018
1052372,0,5,2018
1052035,1,7,2018
1051407,0,5,2018
1051291,1,3,2018
1049217,17,17,2018
1049024,2,3,2018
1047761,4,3,2018
1046961,5,0,2018
1044234,3,3,2018
1043447,2,4,2018
1042280,1,5,2018
1040815,0,4,2018
1037529,5,0,2018
1037515,2,3,2018
1038429,4,0,2018
1037438,0,4,2018
1037541,0,5,2018
1035803,0,4,2018
1033262,2,14,2018
1034205,0,4,2018
1032393,0,4,2018
1031851,0,4,2018
1029095,1,3,2018
1042072,0,5,2018
1026804,1,4,2018
1027013,0,4,2018
1025673,3,2,2018
1025272,2,2,2018
1022067,1,5,2018
1022055,0,4,2018
1021788,0,6,2018
1020574,1,3,2018
1018295,1,3,2018
1582816,0,5,2019
1582197,1,3,2019
1583444,0,5,2019
1581590,1,3,2019
1581476,0,4,2019
1581103,2,7,2019
1580308,0,5,2019
1579889,0,4,2019
1579970,1,3,2019
1579856,1,3,2019
1579266,0,4,2019
1594317,0,5,2019
1579220,0,6,2019
1577577,0,7,2019
1577688,1,7,2019
1577518,0,13,2019
1578711,0,4,2019
1577046,1,6,2019
1577438,2,2,2019
1575175,0,4,2019
1573754,4,1,2019
1572275,1,4,2019
1573471,0,4,2019
1571348,1,3,2019
1568230,6,3,2019
1567932,2,3,2019
1567231,1,4,2019
1565216,4,8,2019
1564524,2,2,2019
1562043,2,3,2019
1561966,2,2,2019
1561813,1,4,2019
1562685,1,3,2019
1561734,0,12,2019
1561398,0,5,2019
1560645,0,7,2019
1559257,0,5,2019
1558067,2,2,2019
1557006,1,4,2019
1556633,0,6,2019
1556984,2,2,2019
1555879,0,4,2019
1556002,1,6,2019
1555135,0,5,2019
1554807,0,4,2019
1554446,0,4,2019
1552068,1,4,2019
1551531,4,6,2019
1551162,0,4,2019
1550546,6,0,2019
1548689,3,3,2019
1547021,0,4,2019
1546102,0,4,2019
1546038,1,4,2019
1546155,0,4,2019
1545955,0,4,2019
1546508,0,4,2019
1545027,1,3,2019
1543835,2,3,2019
1541774,1,4,2019
1540863,0,4,2019
1540841,1,3,2019
1540280,0,4,2019
1540240,1,4,2019
1539572,0,5,2019
1539557,0,4,2019
1539347,5,3,2019
1537992,4,0,2019
1537044,1,3,2019
1537672,3,9,2019
1536787,1,3,2019
1536706,0,4,2019
1535629,1,4,2019
1535478,2,6,2019
1534704,2,2,2019
1533166,1,3,2019
1531326,0,4,2019
1530965,1,3,2019
1530407,0,4,2019
1530276,1,4,2019
1527528,0,4,2019
1525999,0,6,2019
1526952,0,4,2019
1525062,4,3,2019
1525476,5,0,2019
1525408,1,3,2019
1525628,1,3,2019
1525265,1,5,2019
1523606,2,2,2019
1524264,0,5,2019
1522979,0,5,2019
1523204,1,3,2019
1521226,5,0,2019
1520425,0,5,2019
1520499,0,4,2019
1520330,4,5,2019
1520547,0,5,2019
1519090,1,3,2019
1518859,1,3,2019
1517804,0,4,2019
1515312,1,3,2019
1515242,0,4,2019
1515128,0,4,2019
1517360,0,4,2019
1515327,4,0,2019
1511999,1,3,2019
1510411,2,2,2019
1509721,0,5,2019
1509411,0,4,2019
1508804,2,8,2019
1509510,0,6,2019
1512486,4,0,2019
1508859,1,5,2019
1507939,1,5,2019
1507156,3,1,2019
1507092,2,2,2019
1505354,2,2,2019
1504030,1,3,2019
1504012,1,4,2019
1504387,0,4,2019
1503207,1,4,2019
1503192,4,2,2019
1501350,0,4,2019
1499460,2,2,2019
1500098,1,3,2019
1499300,3,1,2019
1497702,2,2,2019
1497180,0,4,2019
1494697,2,2,2019
1495141,0,4,2019
1495192,5,0,2019
1494113,1,3,2019
1494669,0,4,2019
1494548,0,7,2019
1493374,0,4,2019
1492778,1,3,2019
1492377,0,4,2019
1492441,8,23,2019
1492264,2,2,2019
1493429,0,4,2019
1492297,0,4,2019
1493038,2,3,2019
1492087,0,6,2019
1491495,1,3,2019
1490466,1,3,2019
1487729,3,4,2019
1487573,1,3,2019
1487356,0,7,2019
1487224,1,3,2019
1486232,3,2,2019
1489373,0,4,2019
1486675,1,3,2019
1485340,2,2,2019
1485548,0,4,2019
1484335,0,4,2019
1482199,0,4,2019
1481989,0,6,2019
1480326,2,3,2019
1479894,0,5,2019
1478869,0,6,2019
1479395,2,3,2019
1478480,0,4,2019
1475924,0,6,2019
1475361,0,4,2019
1476271,0,4,2019
1475208,0,4,2019
1472641,3,1,2019
1469344,0,4,2019
1527721,0,4,2019
1468190,1,7,2019
1468799,1,3,2019
1468091,0,7,2019
1467828,10,17,2019
1466705,23,23,2019
1467157,2,3,2019
1462317,0,5,2019
1460630,1,5,2019
1460448,4,17,2019
1461352,5,2,2019
1459941,0,4,2019
1460726,0,4,2019
1459389,1,3,2019
1459718,1,11,2019
1459201,1,3,2019
1457165,4,2,2019
1453327,0,4,2019
1453884,0,4,2019
1452654,0,4,2019
1453350,1,3,2019
1452617,0,7,2019
1450767,1,3,2019
1450124,1,3,2019
1449602,0,4,2019
1448578,0,4,2019
1447456,0,4,2019
1446611,1,4,2019
1447057,0,7,2019
1445066,0,4,2019
1441967,2,2,2019
1441565,0,6,2019
1441613,0,5,2019
1441396,0,4,2019
1441296,0,4,2019
1441317,0,4,2019
1441427,0,4,2019
1441721,5,0,2019
1440510,0,6,2019
1440879,1,3,2019
1439593,0,5,2019
1440257,0,4,2019
1440765,0,4,2019
1438971,1,3,2019
1439737,0,4,2019
1439765,1,3,2019
1439042,2,3,2019
1438602,0,4,2019
1437094,0,4,2019
1435804,0,4,2019
1436545,0,5,2019
1436254,2,2,2019
1435578,0,6,2019
1435041,0,4,2019
1435297,0,4,2019
1434931,0,5,2019
1435028,0,7,2019
1434882,0,4,2019
1434602,0,5,2019
1434971,0,7,2019
1434893,0,4,2019
1435217,0,5,2019
1432989,0,7,2019
1432930,1,3,2019
1433857,0,4,2019
1429475,1,3,2019
1429810,5,0,2019
1429047,1,10,2019
1429480,0,5,2019
1429338,3,1,2019
1429399,0,4,2019
1429022,0,4,2019
1428595,1,4,2019
1428788,1,3,2019
1427483,0,4,2019
1428047,5,0,2019
1428229,0,5,2019
1426537,0,10,2019
1425193,1,4,2019
1425161,0,4,2019
1424957,0,5,2019
1423697,1,5,2019
1423330,1,6,2019
1423435,0,6,2019
1422981,0,4,2019
1420933,1,3,2019
1419305,0,4,2019
1420432,2,2,2019
1418533,1,3,2019
1418548,0,4,2019
1418457,1,3,2019
1418180,5,2,2019
1417570,0,4,2019
1417716,0,5,2019
1416374,1,3,2019
1415399,0,4,2019
1412419,0,5,2019
1411598,0,4,2019
1411408,1,3,2019
1412243,0,4,2019
1411963,0,5,2019
1412430,2,4,2019
1410442,13,4,2019
1411661,1,3,2019
1410329,0,5,2019
1408289,3,2,2019
1409255,1,3,2019
1407941,2,2,2019
1406330,0,5,2019
1407189,1,5,2019
1405445,1,3,2019
1405749,0,5,2019
1406070,1,3,2019
1404417,0,9,2019
1404580,3,2,2019
1405196,1,9,2019
1405317,0,4,2019
1405221,0,5,2019
1400095,2,2,2019
1400146,1,4,2019
1400561,0,4,2019
1399820,0,5,2019
1399017,1,4,2019
1398553,1,8,2019
1398538,1,6,2019
1398593,1,4,2019
1398584,2,2,2019
1400934,0,4,2019
1399346,2,4,2019
1398876,1,3,2019
1397521,0,4,2019
1396491,0,4,2019
1395560,0,4,2019
1393960,0,4,2019
1394330,4,1,2019
1392923,0,4,2019
1391971,0,5,2019
1392313,0,6,2019
1390764,0,4,2019
1389220,1,8,2019
1386962,1,4,2019
1387170,0,6,2019
1386510,1,4,2019
1386929,0,4,2019
1387245,1,4,2019
1386575,0,4,2019
1386481,1,3,2019
1386085,0,5,2019
1385642,0,4,2019
1384553,1,3,2019
1383752,2,4,2019
1381857,0,7,2019
1382099,0,4,2019
1381979,1,7,2019
1382711,4,0,2019
1381771,1,3,2019
1381273,1,3,2019
1381734,0,6,2019
1377519,0,4,2019
1376873,0,6,2019
1376883,0,4,2019
1375235,0,4,2019
1373557,1,3,2019
1370795,2,2,2019
1371024,1,3,2019
1371065,0,4,2019
1374920,0,4,2019
1370269,0,4,2019
1368597,1,3,2019
1369109,1,4,2019
1369148,3,2,2019
1367011,1,3,2019
1365052,0,7,2019
1365077,2,2,2019
1365173,0,6,2019
1365100,0,4,2019
1364443,0,4,2019
1364540,0,6,2019
1363737,1,3,2019
1362715,3,2,2019
1362364,0,4,2019
1362182,0,5,2019
1360333,1,4,2019
1359599,0,7,2019
1359455,1,4,2019
1357591,0,4,2019
1355275,0,5,2019
1353714,1,5,2019
1354049,0,7,2019
1350494,2,4,2019
1348844,0,4,2019
1349256,1,3,2019
1348793,0,4,2019
1347974,1,3,2019
1348291,2,4,2019
1347894,1,3,2019
1344488,0,4,2019
1343330,0,4,2019
1343274,1,4,2019
1338860,0,4,2019
1338765,0,6,2019
1338790,1,4,2019
1337498,1,3,2019
1333480,2,2,2019
1331974,1,4,2019
1332507,2,2,2019
1332429,2,2,2019
1332181,0,4,2019
1329144,2,2,2019
1328792,0,5,2019
1329075,1,5,2019
1328562,5,0,2019
1327321,6,6,2019
1324279,5,0,2019
1323448,0,4,2019
1321021,1,3,2019
1321093,2,2,2019
1319333,0,5,2019
1319325,0,4,2019
1318391,2,5,2019
1320286,4,0,2019
1318187,0,4,2019
1314289,2,5,2019
1314253,0,5,2019
1312391,0,4,2019
1312284,5,0,2019
1312463,0,5,2019
1313291,1,3,2019
1310775,4,1,2019
1310397,4,1,2019
1309114,5,0,2019
1306920,0,4,2019
1305563,0,4,2019
1305679,1,4,2019
1305516,0,4,2019
1305538,3,2,2019
1305294,3,2,2019
1303486,3,1,2019
1302060,1,5,2019
1303303,3,1,2019
1301778,1,4,2019
1299680,1,5,2019
1295294,0,4,2019
1292684,3,2,2019
1293054,3,4,2019
1292941,1,3,2019
1291779,1,3,2019
1289877,0,5,2019
1289618,0,5,2019
1891461,1,3,2020
1890946,0,4,2020
1886974,3,3,2020
1886913,2,2,2020
1887059,1,5,2020
1886849,1,3,2020
1886372,1,4,2020
1886721,5,0,2020
1886141,1,4,2020
1885251,5,0,2020
1882214,2,2,2020
1881213,0,6,2020
1876727,4,0,2020
1877043,1,3,2020
1876231,2,2,2020
1876039,0,4,2020
1876552,2,2,2020
1877628,0,4,2020
1877122,0,5,2020
1908063,6,0,2020
1873798,2,3,2020
1870827,0,6,2020
1871627,1,3,2020
1870840,0,6,2020
1869748,0,4,2020
1867006,1,3,2020
1866100,4,0,2020
1864683,0,11,2020
1865110,2,3,2020
1863726,1,10,2020
1864205,0,5,2020
1864177,0,4,2020
1862947,1,5,2020
1863099,0,6,2020
1862603,1,5,2020
1859110,0,4,2020
1859390,1,6,2020
1858455,1,3,2020
1859186,1,3,2020
1857439,0,6,2020
1857947,1,4,2020
1858965,2,2,2020
1857040,0,8,2020
1856417,1,3,2020
1855276,3,2,2020
1856338,0,4,2020
1854207,0,4,2020
1854149,0,4,2020
1853615,0,4,2020
1854076,0,4,2020
1852831,0,5,2020
1853089,2,2,2020
1852604,3,1,2020
1852853,0,4,2020
1852161,0,4,2020
1852363,2,3,2020
1850981,2,4,2020
1850693,0,6,2020
1849308,1,7,2020
1847840,0,4,2020
1846712,0,4,2020
1846494,0,8,2020
1846764,0,4,2020
1845690,1,3,2020
1845477,2,2,2020
1844573,3,2,2020
1843360,0,4,2020
1842362,4,1,2020
1842421,0,5,2020
1840534,0,6,2020
1840265,0,4,2020
1840364,1,3,2020
1841432,1,3,2020
1840600,2,2,2020
1840310,1,4,2020
1839628,0,4,2020
1839576,0,5,2020
1839462,0,4,2020
1840544,0,4,2020
1840041,0,7,2020
1839112,1,3,2020
1839065,1,3,2020
1838368,0,4,2020
1837146,0,4,2020
1837429,1,3,2020
1834216,2,3,2020
1835030,1,3,2020
1834280,1,3,2020
1834617,2,8,2020
1832014,1,3,2020
1832977,0,5,2020
1831995,0,4,2020
1831091,0,4,2020
1830875,1,5,2020
1830822,2,2,2020
1830092,3,1,2020
1829132,0,5,2020
1828796,1,3,2020
1827437,1,3,2020
1828080,1,4,2020
1828019,0,4,2020
1826680,1,5,2020
1826613,0,5,2020
1826444,2,4,2020
1825525,3,1,2020
1826655,1,6,2020
1826675,1,3,2020
1824979,2,2,2020
1825896,0,7,2020
1824073,0,4,2020
1821574,2,3,2020
1821496,0,4,2020
1820156,1,3,2020
1823101,0,8,2020
1819955,2,2,2020
1818055,1,6,2020
1816799,1,4,2020
1817184,1,3,2020
1815308,1,3,2020
1813872,3,4,2020
1814148,1,5,2020
1813306,0,5,2020
1813583,1,3,2020
1812972,0,4,2020
1812838,0,4,2020
1812049,0,5,2020
1810696,0,4,2020
1810881,0,4,2020
1810358,0,7,2020
1809910,0,5,2020
1809484,2,2,2020
1807325,0,6,2020
1806806,1,3,2020
1808628,1,3,2020
1807096,0,4,2020
1807046,0,4,2020
1806035,1,3,2020
1806002,2,6,2020
1805722,0,4,2020
1806368,0,5,2020
1806500,0,4,2020
1804511,1,3,2020
1802862,0,5,2020
1800886,1,4,2020
1800549,0,4,2020
1800514,1,3,2020
1800026,1,4,2020
1799748,0,4,2020
1799703,0,4,2020
1800188,0,4,2020
1799307,2,14,2020
1800192,0,5,2020
1800779,0,5,2020
1799160,0,4,2020
1797620,2,3,2020
1796684,2,4,2020
1796638,0,5,2020
1795391,0,4,2020
1794138,3,3,2020
1793826,0,7,2020
1793559,0,4,2020
1794086,1,3,2020
1793521,2,7,2020
1792650,2,4,2020
1793680,0,5,2020
1793771,0,4,2020
1792624,0,5,2020
1791482,3,2,2020
1788401,0,5,2020
1788168,0,4,2020
1787655,0,5,2020
1788352,7,0,2020
1787222,1,4,2020
1786855,1,6,2020
1786920,0,4,2020
1787977,0,4,2020
1786829,0,4,2020
1787286,0,6,2020
1786890,1,3,2020
1787006,0,5,2020
1787387,0,4,2020
1786488,0,4,2020
1786449,1,3,2020
1785713,0,6,2020
1786806,0,4,2020
1805455,1,3,2020
1785358,1,3,2020
1784570,1,3,2020
1785108,0,6,2020
1785593,0,4,2020
1783582,2,2,2020
1784141,1,3,2020
1783928,0,4,2020
1825993,0,5,2020
1782962,0,4,2020
1780301,0,7,2020
1780199,1,3,2020
1780266,2,2,2020
1779981,1,4,2020
1784122,0,4,2020
1779718,1,4,2020
1780091,0,5,2020
1780228,2,2,2020
1778571,1,5,2020
1778435,0,4,2020
1778542,1,3,2020
1779023,1,4,2020
1777607,1,3,2020
1777180,3,1,2020
1776905,0,4,2020
1777400,0,4,2020
1776189,0,5,2020
1775249,0,4,2020
1774123,0,4,2020
1773194,1,3,2020
1774138,0,4,2020
1773996,1,4,2020
1772623,0,7,2020
1772513,1,3,2020
1772680,1,4,2020
1772934,0,6,2020
1772438,0,4,2020
1773006,0,4,2020
1772764,1,3,2020
1772174,1,3,2020
1769444,0,4,2020
1769489,0,6,2020
1768125,1,4,2020
1767851,0,4,2020
1767747,0,4,2020
1768683,0,5,2020
1766574,0,4,2020
1767402,3,2,2020
1765624,1,3,2020
1765636,2,9,2020
1765658,1,3,2020
1766423,1,3,2020
1766380,2,4,2020
1765920,0,4,2020
1765336,4,0,2020
1765499,0,5,2020
1765890,0,5,2020
1765705,1,5,2020
1764756,2,3,2020
1764619,0,4,2020
1762951,1,4,2020
1762997,1,3,2020
1761557,0,5,2020
1759873,0,9,2020
1759779,0,6,2020
1758966,1,21,2020
1760207,0,4,2020
1760261,0,4,2020
1759425,1,4,2020
1758838,0,6,2020
1759439,0,5,2020
1759237,1,5,2020
1758774,1,3,2020
1757380,1,3,2020
1756248,0,4,2020
1755566,0,4,2020
1755297,0,4,2020
1754613,1,4,2020
1754640,1,3,2020
1754672,1,5,2020
1754363,0,4,2020
1753320,0,4,2020
1753561,0,5,2020
1752100,1,4,2020
1753235,2,3,2020
1751949,1,4,2020
1752790,0,4,2020
1752019,2,2,2020
1750548,0,5,2020
1750611,0,5,2020
1750250,0,4,2020
1749873,5,0,2020
1749746,3,2,2020
1749281,2,2,2020
1749535,0,4,2020
1748134,1,3,2020
1747700,1,4,2020
1746441,1,3,2020
1746658,0,4,2020
1746417,1,3,2020
1746282,1,3,2020
1748023,0,4,2020
1746582,0,6,2020
1745903,0,4,2020
1746160,1,3,2020
1746430,2,3,2020
1746674,0,4,2020
1745737,0,7,2020
1744407,2,2,2020
1743168,1,3,2020
1743488,0,4,2020
1744332,2,4,2020
1743108,0,4,2020
1741838,0,15,2020
1740533,1,4,2020
1740615,0,5,2020
1739920,1,3,2020
1739434,0,13,2020
1739571,0,8,2020
1740013,2,3,2020
1739658,1,8,2020
1739917,4,0,2020
1738635,1,4,2020
1739097,0,4,2020
1739413,0,4,2020
1736508,0,5,2020
1736383,1,3,2020
1735326,1,5,2020
1735573,0,5,2020
1735470,0,8,2020
1733702,0,6,2020
1734064,1,3,2020
1734058,0,6,2020
1732485,1,7,2020
1732993,1,3,2020
1732688,0,5,2020
1732365,2,2,2020
1733188,1,3,2020
1732229,1,4,2020
1732532,2,4,2020
1731349,0,6,2020
1732321,0,5,2020
1727743,0,5,2020
1728683,4,3,2020
1727567,0,6,2020
1725883,0,4,2020
1725802,1,3,2020
1725167,0,5,2020
1725108,2,8,2020
1726770,1,3,2020
1725690,2,13,2020
1725946,2,3,2020
1725379,0,4,2020
1726446,0,4,2020
1725327,0,4,2020
1725145,1,5,2020
1725635,0,4,2020
1726034,1,5,2020
1727515,0,4,2020
1725571,2,4,2020
1725735,0,5,2020
1725025,1,3,2020
1725670,0,5,2020
1725407,1,4,2020
1725098,1,3,2020
1725081,4,4,2020
1724887,0,4,2020
1724219,1,3,2020
1723897,1,3,2020
1724273,0,4,2020
1723184,2,3,2020
1723352,0,4,2020
1722839,1,4,2020
1722142,0,4,2020
1729506,0,4,2020
1721964,0,5,2020
1720781,1,4,2020
1721669,1,3,2020
1720761,0,4,2020
1721572,0,4,2020
1722317,0,4,2020
1720834,0,4,2020
1720655,1,3,2020
1719693,2,2,2020
1719668,0,7,2020
1718966,2,2,2020
1718847,3,4,2020
1718463,0,4,2020
1718238,0,4,2020
1719645,3,1,2020
1717828,0,5,2020
1718292,0,4,2020
1717173,0,4,2020
1717543,0,4,2020
1716944,1,3,2020
1715616,0,4,2020
1714504,0,4,2020
1715231,0,5,2020
1712342,4,5,2020
1713075,0,5,2020
1713790,0,5,2020
1712876,0,4,2020
1712898,0,4,2020
1712408,0,5,2020
1712386,0,4,2020
1713668,1,4,2020
1711747,0,4,2020
1711626,0,5,2020
1711410,0,11,2020
1711690,0,4,2020
1713493,1,3,2020
1711605,0,5,2020
1711487,1,3,2020
1710537,0,4,2020
1711285,1,8,2020
1711876,0,4,2020
1711272,1,3,2020
1710849,0,5,2020
1710920,2,2,2020
1710680,1,4,2020
1711397,0,5,2020
1711134,0,4,2020
1708889,0,7,2020
1708432,0,4,2020
1706994,2,2,2020
1705672,0,4,2020
1706710,0,4,2020
1704879,1,6,2020
1704862,1,4,2020
1704873,0,5,2020
1705050,0,4,2020
1705346,2,2,2020
1705355,0,4,2020
1705440,0,5,2020
1704116,2,4,2020
1704415,1,7,2020
1704176,0,5,2020
1704727,2,5,2020
1704580,2,5,2020
1703509,0,6,2020
1704217,1,3,2020
1703985,0,8,2020
1702276,0,4,2020
1702172,0,7,2020
1703044,6,0,2020
1703055,2,4,2020
1702372,1,4,2020
1701382,1,3,2020
1701714,2,4,2020
1700864,0,5,2020
1701426,1,6,2020
1701491,2,3,2020
1700371,0,4,2020
1700250,0,4,2020
1699577,0,5,2020
1700234,1,3,2020
1699211,2,7,2020
1699193,0,5,2020
1698987,1,3,2020
1699667,0,6,2020
1698306,1,4,2020
1700812,0,5,2020
1698868,1,4,2020
1698276,0,4,2020
1697541,0,4,2020
1697453,7,0,2020
1695998,1,3,2020
1695586,0,5,2020
1695645,0,4,2020
1694735,0,4,2020
1693340,1,5,2020
1693580,0,4,2020
1692513,0,4,2020
1692912,0,4,2020
1693064,1,4,2020
1693246,2,4,2020
1692496,1,5,2020
1692102,0,5,2020
1691221,0,7,2020
1690922,0,4,2020
1691440,1,3,2020
1690369,1,4,2020
1690524,1,3,2020
1690439,0,5,2020
1689419,0,4,2020
1688610,0,4,2020
1689252,0,4,2020
1688917,2,2,2020
1689555,0,5,2020
1688753,3,5,2020
1687999,0,6,2020
1687219,0,4,2020
1687414,3,1,2020
1687037,0,4,2020
1686222,0,4,2020
1686615,1,4,2020
1687027,2,5,2020
1687108,0,6,2020
1687097,1,3,2020
1686414,0,5,2020
1686747,0,6,2020
1686685,1,3,2020
1687381,1,4,2020
1686015,1,3,2020
1683810,2,3,2020
1683653,0,5,2020
1682322,0,5,2020
1681602,0,4,2020
1681887,1,3,2020
1682233,4,1,2020
1681588,0,13,2020
1686369,0,5,2020
1850080,0,4,2020
1680027,0,5,2020
1679086,1,4,2020
1678589,1,4,2020
1679356,0,4,2020
1677566,0,4,2020
1676515,0,5,2020
1676579,0,5,2020
1676746,0,6,2020
1676121,0,4,2020
1674802,0,4,2020
1673989,3,1,2020
1673633,1,3,2020
1674299,2,2,2020
1671289,0,4,2020
1671624,1,3,2020
1671078,0,5,2020
1670970,0,4,2020
1668470,0,4,2020
1666945,5,0,2020
1666461,0,4,2020
1666600,1,4,2020
1666327,1,4,2020
1665834,0,7,2020
1664933,3,1,2020
1665735,0,4,2020
1661537,2,2,2020
1660797,1,3,2020
1661218,1,4,2020
1659862,0,4,2020
1659966,1,3,2020
1656873,0,6,2020
1656265,0,4,2020
1655674,0,4,2020
1654971,1,3,2020
1656373,0,4,2020
1654341,1,3,2020
1652642,0,4,2020
1652734,1,3,2020
1653012,1,4,2020
1652601,0,4,2020
1652073,2,2,2020
1652328,1,4,2020
1651742,0,4,2020
1649473,3,1,2020
1648832,0,5,2020
1648205,0,4,2020
1647661,1,3,2020
1644111,0,4,2020
1643775,0,4,2020
1643157,0,4,2020
1642826,0,4,2020
1641923,1,4,2020
1641216,0,7,2020
1640295,7,0,2020
1640317,5,2,2020
1640007,2,2,2020
1639542,1,3,2020
1639413,0,4,2020
1640278,0,5,2020
1637520,2,2,2020
1635796,1,5,2020
1636471,0,4,2020
1636564,1,3,2020
1635750,1,18,2020
1635570,0,4,2020
1635411,0,7,2020
1635118,0,6,2020
1634128,1,5,2020
1631040,1,4,2020
1631831,0,5,2020
1629488,6,0,2020
1629042,1,4,2020
1627335,3,1,2020
1627713,0,7,2020
1625553,2,3,2020
1625787,0,4,2020
1623696,2,2,2020
1622406,1,5,2020
1622962,1,4,2020
1622340,0,4,2020
1622233,0,7,2020
1621821,0,6,2020
1619064,1,4,2020
1616964,1,3,2020
1615155,4,0,2020
1613020,3,1,2020
1612716,1,5,2020
1612597,0,4,2020
1611563,1,4,2020
1610782,0,4,2020
1611037,1,3,2020
1610240,0,4,2020
1606554,0,4,2020
1605948,0,5,2020
1605798,3,1,2020
1605770,0,6,2020
1605752,3,3,2020
1606476,5,0,2020
1603241,1,7,2020
1600787,2,15,2020
1600221,1,4,2020
1600522,2,5,2020
1600350,2,2,2020
1599331,4,1,2020
1598447,0,5,2020
1594173,0,5,2020
1592655,2,2,2020
1588919,0,4,2020
1588308,1,3,2020
1586839,0,4,2020
1585746,0,4,2020
1585394,0,7,2020
1585894,3,2,2020
1956081,0,4,2021
1955948,0,4,2021
1956001,0,5,2021
1954379,8,1,2021
1954950,4,1,2021
1953309,1,4,2021
1953202,0,4,2021
1952662,0,4,2021
1952281,2,13,2021
1952151,0,5,2021
1951681,1,3,2021
1952161,4,1,2021
1951738,2,4,2021
1951476,1,3,2021
1950346,1,3,2021
1950471,1,3,2021
1949977,3,1,2021
1948233,1,3,2021
1948470,0,4,2021
1947241,2,3,2021
1945999,1,4,2021
1946991,1,4,2021
1944507,0,5,2021
1943986,2,3,2021
1941382,3,3,2021
1941669,0,4,2021
1940791,0,4,2021
1941647,0,4,2021
1941444,0,5,2021
1941210,0,4,2021
1943271,0,4,2021
1940190,2,3,2021
1940069,1,5,2021
1939789,0,4,2021
1939958,1,3,2021
1934704,1,4,2021
1935235,0,4,2021
1934225,1,4,2021
1934077,3,2,2021
1933975,1,3,2021
1934181,1,4,2021
1932479,1,3,2021
1931288,0,8,2021
1930463,3,1,2021
1928557,0,6,2021
1928594,0,4,2021
1928149,0,6,2021
1928205,1,3,2021
1926742,1,4,2021
1926701,0,4,2021
1924892,0,4,2021
1924338,1,4,2021
1921939,1,4,2021
1923786,0,4,2021
1921768,1,5,2021
1922354,1,3,2021
1921641,1,3,2021
1924951,3,1,2021
1920771,2,3,2021
1919399,1,3,2021
1919696,3,2,2021
1917918,3,3,2021
1917909,6,1,2021
1917661,1,3,2021
1916468,0,4,2021
1916374,1,4,2021
1914798,2,3,2021
1914942,1,4,2021
1913708,0,4,2021
1911026,1,4,2021
1910136,5,1,2021
1910619,0,5,2021
1909849,0,5,2021
1908542,1,3,2021
1905423,0,4,2021
1904063,0,5,2021
1904036,1,6,2021
1905360,0,5,2021
1903058,0,4,2021
1899819,0,4,2021
1898261,6,2,2021
1897878,1,3,2021
1896774,0,5,2021
1896384,2,2,2021
1896252,3,3,2021
1894822,0,4,2021
1894979,0,5,2021
1894941,0,7,2021
1893953,0,4,2021
1893327,1,4,2021
1893754,0,6,2021
1893601,2,3,2021
1893877,2,2,2021
1893744,0,8,2021
1892034,0,7,2021
1892704,1,3,2021
1892114,1,4,2021
1891720,0,4,2021
